HOTEL,HOTEL.TURISTICO.EL.REFUGIO.DEL.LEON.EMPRESA.INDIVIDUAL.DE.RESPONSABILIDAD.LIMITADA,,
HOTEL,HOTEL.3.ALFREDOïS.S.C.R.LTDA,,
HOTEL,HOTEL.WILSON.EIRL,,
HOTEL,HOTEL.LUCHETTY.E.I.R.L.,,
HOTEL,TOURS.HOTEL.CASABLANCA.SCRLTDA,,
HOTEL,NESSUS.HOTELES.PERU.S.A.,,
HOTEL,TAJIMAT.PLAZA.HOTEL.E.I.R.L.,,
HOTEL,HOTEL.NIEVA.E.I.R.L,,
HOTEL,HOTEL.BAGUA.GRANDE.E.I.R.L.,,
HOTEL,HOTEL.ADRIA'N.E.I.R.LTDA,,
HOTEL,HOTEL.EL.EDEN.E.I.R.L,,
HOTEL,HOTEL.SOL.DEL.VALLE.EMPRESA.INVIDUAL.DE.RESPONSABILIDAD.LIMITADA,,
HOTEL,HOTEL.GOCTA.SOCIEDAD.COMERCIAL.DE.RESPONSABILIDAD.LIMITADA,,
HOTEL,HOTEL.NIEVA.E.I.R.L,,
HOTEL,GRAN.HOTEL.HUAYHUASH.E.I.R.L.,,
HOTEL,HOTEL.EL.PUEBLO.HUALLANCA.E.I.R.L.,,
HOTEL,EMPRESA.HOTELERA.ALPAMAYO.PERU.E.I.R.L,,
HOTEL,INVERSIONES.HOTELERIA.Y.TURISMO.S.A.C.,,
HOTEL,CASABLANCA.HOTEL.S.R.LTDA.,,
HOTEL,HOTEL.VALENCIA.E.I.R.L,,
HOTEL,EMPRESA.HOTELERA.GOLDEN.E.I.R.L..-.EHG.E.I.R.L.,,
HOTEL,EMPRESA.HOTELERA.PIERO.E.I.R.LTDA.,,
HOTEL,LAS.TEJAS.HOTEL.PERU.E.I.R.L.,,
HOTEL,EMPRESA.HOTELERA.EL.TUMI.SCRL,,
HOTEL,HOTEL.LA.JOYA.SAC,,
HOTEL,HOTEL.CUNA.DE.ORO.S.A.C.,,
HOTEL,EMPRESA.HOTELERA.VALENCIA.II.EIRL,,
HOTEL,LAS.VEGAS.HOTEL.E.I.R.L.,,
HOTEL,CONSORCIO.HOTELERA.MIRANDA.S.A.C,,
HOTEL,HOTELES.LUXOR.S.A.C.,,
HOTEL,INVERSIONES.HOTELERAS.E.I.R.L.,,
HOTEL,HOTEL.BUENOS.AIRES.S.R.L.,,
HOTEL,CONSORCIO.HOTELERA.MIRANDA.S.A.C,,
HOTEL,GIRECA.HOTELES.S.A.C.,,
HOTEL,HOTELES.Y.TURISMO.ABANCAY.E.I.R.LTDA.,,
HOTEL,IMPERIO.CHANKA.HOTEL.S.A.C.,,
HOTEL,SAMAY.WASI.HOTEL.CHALHUANCA.S.A.C.,,
HOTEL,HOTEL.ANDINO.LAS.BAMBAS.SOCIEDAD.COMERCIAL.DE.RESPONSABILIDAD.LIMITADA-HOTEL.ANDINO.LAS.BAMBAS.S.R.L,,
HOTEL,PLM.HOTELES.E.I.R.L.,,
HOTEL,HOTEL.COLONIAL.LOS.ANGELES.E.I.R.L.,,
HOTEL,CONSORCIO.TURISTICO.HOTELERO.AREQUIPA.INN..S.R.L.,,
HOTEL,HOTEL.SANTA.ROSA.E.I.R.L.,,
HOTEL,HOTELES.BENAVIDES.S.A.C.,,
HOTEL,HOTEL.SAUNA.BRASILIA.ILLUSIONE.E.I.R.L.,,
HOTEL,APART.HOTEL.AQP.VIP.E.I.R.L.,,
HOTEL,ADMINISTRADORA.DE.HOTELES.E.I.R.L.,,
HOTEL,SERV.TURIST.Y.HOTELERIA.SAN.DIEGO.SRL.,,
HOTEL,HOTEL.MIRAFLORES.INN.E.I.R.L.,,
HOTEL,HOTEL.PLAZA.SAN.ANTONIO.EIRL,,
HOTEL,HOTELES.DEJAVU.E.I.R.L.,,
HOTEL,HOTEL.EL.DESCANSO.SRLTDA,,
HOTEL,CHARMING.HOTEL.E.I.R.L.,,
HOTEL,UNITED.HOTEL.EMPRESA.INDIVIDUAL.DE.RESPONSABILIDAD.LIMITADA.-.UNITED.E.I.R.L.,,
HOTEL,HOTEL.DE.TURISTAS.DE.CAMANA.S.A.C..-.H.&.T.CAMANA.S.A.C.,,
HOTEL,HOTEL.DE.TURISTAS.DE.CHALA.E.I.R.L.,,
HOTEL,COMPANIA.DE.HOTELES.CHALA.S.A.C.,,
HOTEL,YURAC.WASI.HOTEL.RESORT.EIRL,,
HOTEL,CONSORCIO.HOTELERO.CAMPING.COLCA.S.R.L.,,
HOTEL,HOTEL.FELICIDAD.E.I.R.L.,,
HOTEL,HOTEL.PUNTA.DEL.SUR.S.A.C.,,
HOTEL,HOTEL.UNIVERSO.S.R.L.,,
HOTEL,HOTEL.OMAR.SRL,,
HOTEL,HOTEL.VALLE.HERMOSO.CAJAMARCA.E.I.R.L.,,
HOTEL,PRESTIGE.HOTEL.E.I.R.L.,,
HOTEL,SERVICIOS.GENERALES.Y.HOTELERIA.SAN.MARTIN.S.C.R.LTDA.,,
HOTEL,HOTELERIA.&.TURISMO.LOS.REYES.S.C.R.LTDA.,,
HOTEL,HOTELERIA.Y.HOSPEDAJE.SAGITARIO.E.I.R.L,,
"HOTEL,SERVICIOS.TURISTICOS.HOTELERIA.Y.RESTAURANT.""LAS.VEGAS"".S.A.C.",,,
HOTEL,HOTEL.LUNA.LLENA.S.A.C.,,
HOTEL,HOTEL.CESAR.E.I.R.L.,,
HOTEL,GRAN.HOTEL.MANTARO.EIRL,,
HOTEL,HOTEL.EL.PACIFICO.JAEN.S.A.C.,,
HOTEL,CONSORCIO.DE.TURISMO.Y.HOTELERIA.SAN.GABRIEL.S.A.C.,,
HOTEL,HOTEL.PRIMS.EIRL,,
HOTEL,GRAN.HOTEL.ZERCAD.S.A.C.,,
HOTEL,HOTEL.LUNA.LLENA.S.A.C.,,
HOTEL,PLAZA.REAL.SUITE.HOTEL.SOC.COM.RESPONS..LTDA,,
HOTEL,CORPORACION.DE.SERVICIOS.TURISTICOS.Y.HOTELEROS.PRIM¨S.BUSINESS.CLASS.E.I.R.L,,
HOTEL,GRAN.HOTEL.JAEN.E.I.R.L.,,
HOTEL,HOTELES.TERESA.RESIDENCIAL.S.R.L.,,
HOTEL,SERVICIOS.HOTELEROS.CORONA.S.R.L.,,
HOTEL,HOTELES.QAWANA.S.A.C.,,
HOTEL,HOTEL.CUSCO.IMPERIAL.E.I.R.L.,,
HOTEL,HOTELERA.PLAZA.S.A.C,,
HOTEL,HOTEL.DE.LA.VILLA.HERMOZA.S.C.R.LTDA,,
HOTEL,HOTEL.LOS.CISNES.DEL.MARSANO.SOCIEDAD.COMERCIAL.DE.RESPONSABILIDAD.LIMITADA,,
HOTEL,HOTELES.CBC.S.A.C.,,
HOTEL,HOTELES.CBC.S.A.C.,,
HOTEL,MISTERS.INKAS.HOTELS.INN.PALACE,,
HOTEL,QUATTRO.HOTELES.Y.RESTAURANTES.S.R.L.,,
HOTEL,SUIZO.PERUANA.DE.HOTELERIA.EIRL,,
HOTEL,HOTEL.INKA.ANDINA.E.I.R.L.,,
HOTEL,HOTELERIA.PERUANA.S.A.C.,,
HOTEL,TUTTO.HOTEL.S.A.C.,,
HOTEL,CCM.HOTEL.GROUP.SOCIEDAD.ANONIMA.CERRADA.-.HOTEL.GROUP.S.A.C.,,
HOTEL,HOTELERIA.PERUANA.S.A.C.,,
HOTEL,NESSUS.HOTELES.PERU.S.A.,,
HOTEL,HOTEL.ARQUEOLOGO.E..I..R..LTDA.,,
HOTEL,HOTEL.COLQUEWASI.S.A.C.,,
HOTEL,NESSUS.HOTELES.PERU.S.A.,,
HOTEL,NESSUS.HOTELES.PERU.S.A.,,
HOTEL,INVERSIONES.HOTELERAS.ROYAL.INTI.EMPRESA.INDIVIDUAL.DE.RESPONSABILIDAD.LIMITADA-I.H.ROYAL.INTI.E.I.R,,
HOTEL,HOTELERA.CUSCO.S.A.,,
HOTEL,HOTELERIA.PERUANA.S.A.C.,,
HOTEL,INVERSIONES.HOTELERAS.TIKA.EMPRESA.INDIVIDUAL.DE.RESPONSABILIDAD.LIMITADA,,
HOTEL,INVERSIONES.HOTELERAS.PLANETA.TIERRA.SAC,,
HOTEL,INVERSIONES.HOTELERAS.PLANETA.TIERRA.SAC,,
HOTEL,NESSUS.HOTELES.PERU.S.A.,,
HOTEL,INVERSIONES.HOTELERAS.MAPI.EMPRESA.INDIVIDUAL.DE.RESPONSABILIDAD.LIMITADA,,
HOTEL,HOTEL.EL.DORADO.SUITE.EMPRESA.INDIVIDUAL.DE.RESPONSABILIDAD.LIMITADA-HOTEL.EL.DO,,
HOTEL,HOTEL.LEON.EMPRESA.INDIVIDUAL.DE.RESPONSABILIDAD.LIMITADA-HOTEL.LEON.E.I.R.L.,,
HOTEL,LA.CABA¥A.HOTEL.EMPRESA.INDIVIDUAL.DE.RESPONSABILIDAD.LIMITADA-LA.CABA¥A.HOTEL.E.I.R.L.,,
HOTEL,INVERSION.HOTELERA.MELANY'S.SOCIEDAD.ANONIMA.CERRADA,,
HOTEL,MISTERS.INKAS.HOTELS.INN.PALACE,,
HOTEL,TURISMO.Y.HOTELES.PERU.E.I.R.L.,,
HOTEL,HOTEL.GRAN.ESPA¥A.EMPRESA.INDIVIDUAL.DE.RESPONSABILIDAD.LIMITADA,,
HOTEL,HERMOSO.DESPERTAR.HOTELES.S.R.L.,,
HOTEL,CONSORCIO.HOTELERO.S.A.C,,
HOTEL,HOTELERIA.PERUANA.S.A.C.,,
HOTEL,SIERRA.ANDINA.HOTELES.S.C.R.LTDA.,,
HOTEL,SIERRA.ANDINA.HOTELES.SCRLTDA.,,
HOTEL,NESSUS.HOTELES.PERU.S.A.,,
HOTEL,SIERRA.ANDINA.HOTELES.SC.R.LTDA.,,
HOTEL,PERU.BELMOND.HOTELS.S.A.,,
HOTEL,SIERRA.ANDINA.HOTELES.SCRLTDA.,,
HOTEL,SERVICIOS.HOTELEROS.MAPI.S.R.L,,
HOTEL,HOTEL.SOL.PERU.SOCIEDAD.ANONIMA.CERRADA.HOTEL.SOL.PERU.S.A.C,,
HOTEL,TUTTO.HOTEL.S.A.C.,,
HOTEL,HOTELES.RIO.SAGRADO.E.I.R.LTDA.,,
HOTEL,PERU.BELMOND.HOTELS.S.A.,,
HOTEL,HOTEL.EXPLORA.E.I.R.L.,,
HOTEL,HOTEL,.RESTAURANTE,.POLLERIA.EL.ENCUENTRO.DEL.VIAJERO.EMPRESA.INDIVIDUAL.DE.RESPONSABILIDAD.LIMITADA
HOTEL,LOS.PORTALES.HOTEL.E.I.R.L.,,
HOTEL,SERVICIOS.TURISTICOS.Y.HOTELERA.LA.ESPERANZA.E.I.R.L,,
HOTEL,HOTEL.SNAK.BAR.LUSKAME.EMPRESA.INDIVIDUAL.DE.RESPONSABILIDAD.LIMITADA,,
HOTEL,LA.COSTA.HOTEL.E.I.R.LTDA.,,
HOTEL,GRIMA.HOTEL.E.I.R.LTDA.,,
HOTEL,HOTEL.TRAPICHE.SUITES..E.I.R.L.,,
HOTEL,COMPA¥IA.HOTELERA.SOSA.S.R.L.,,
HOTEL,HOTEL.TOURS.EL.SE¥ORIAL.E.I.R.L.,,
HOTEL,FERGO.TURISMO.Y.HOTELERIA.S.R.L.,,
HOTEL,HOTEL.LAS.AVENTURAS.DEL.VIAJERO.S.A.C.,,
HOTEL,HOTEL.IMPRERIAL.EIRL,,
HOTEL,HOTEL.VENECIA.S.R.L.,,
HOTEL,HOTEL.MALKIEL.E.I.R.L.,,
HOTEL,HOTEL.NUEVA.YORK.E.I.R.L.,,
HOTEL,HOTEL.INTERNACIONAL.E.I.R.LTDA,,
HOTEL,HOTEL.LA.GRAN.MURALLA.E.I.R.L.,,
HOTEL,HOTEL.ANGEL.S.R.L.,,
HOTEL,HOTEL.RESIDENCIAL.MARAVILLAS.SOCIEDAD.COMERCIAL.DE.RESPONSABILIDAD.LIMITADA,,
HOTEL,HOTEL.LA.GRAN.MURALLA.E.I.R.L.,,
HOTEL,HOTEL.PLAZA.DEL.BOSQUE.INN.SAC,,
HOTEL,HOTEL.RESIDENCIAL.ROYAL.S.A.C.,,
HOTEL,HTPEC.APARTAHOTEL.ISMAEL.EIRL,,
HOTEL,HOTEL.RUVISA.EIRL,,
HOTEL,HOTEL.PARAISO.E.I.R.L.,,
HOTEL,HOTEL.LA.JOYA.VERDE.E.I.R.L.,,
HOTEL,GRUPO.HOTELERA.DE.TURISMO.EL.RELAY.EIRL,,
HOTEL,GRAN.HOTEL.CHINCHA.E.I.R.L.,,
HOTEL,HOTELES.DEL.BARCO.S.A.C.,,
HOTEL,INVERSIONES.TURISTICAS.HOTEL.VEGAïS.E.I.R.L.,,
HOTEL,MC.HOTEL.SOCIEDAD.ANONIMA.CERRADA,,
HOTEL,HOTEL.BUNKER.S.A.,,
HOTEL,HOTEL.GALINDO.S.A.C.,,
HOTEL,HOTEL.ROSELLA.E.I.R.L.,,
HOTEL,HOTEL.ARENAS.DE.ICA.E.I.R.L.,,
HOTEL,HOTEL.Y.RESTAURANTE.ROMA.E.I.R.L.,,
HOTEL,HOTEL.DIVARI.EMPRESA.INDIVIDUAL.DE.RESPONSABILIDAD.LIMITADA,,
HOTEL,BLESSED.HOTEL.S.A.C.,,
HOTEL,HOTEL.SOL.DEL.SUR.E.I.R.L.,,
HOTEL,NESSUS.HOTELES.PERU.S.A.,,
HOTEL,HOTEL.COSTA.SUR.E.I.R.LTDA.,,
HOTEL,HOTEL.LOS.PORTALES.NASCA.E.I.R.L.,,
HOTEL,COMPA¥IA.DE.SERVICIOS.HOTELEROS.SUIZOS.S,,
HOTEL,GRAN.HOTEL.CHINCHA.E.I.R.L.,,
HOTEL,HOTEL.EL.EDEN.SELVA.S.A.C.,,
HOTEL,HAROLD'S.PALACE.HOTEL.RESTAURANT.E.I.R.L.,,
HOTEL,HOTEL.EL.REFUGIO.S.A.C.,,
HOTEL,LATIDOS.HOTEL.E.I.R.L.,,
HOTEL,HOTEL.MONACO.E.I.R.L.,,
HOTEL,CADENA.DE.HOTELES.SONCCOLLAY.S.A.C.,,
HOTEL,GRUPO.AGAPE.HOTEL.E.I.R.L.,,
HOTEL,CONSORCIO.HOTELERO.EL.VUELO.DEL.CONDOR.E.I.R.L,,
HOTEL,CORPORACION.HOTELERA.CASA.ANDINA.SOCIEDAD.ANONIMA.CERRADA.-.CASA.ANDINA.SAC,,
HOTEL,HOTEL.VARGAS.S.R.LTDA.,,
HOTEL,CORPORACION.HOTELERA.CASA.ANDINA.SOCIEDAD.ANONIMA.CERRADA.-.CASA.ANDINA.SAC,,
HOTEL,COMERCIAL.HOTELERA.S.C.R.LTDA.,,
HOTEL,EMPRESA.HOTELERA.F.&.H.S.A.C.,,
HOTEL,HOTEL.NUEVO.AMANECER.E.I.R.L.,,
HOTEL,HOTELES.CASA.MOCHE.S.A.C.,,
HOTEL,ROMA.HOTEL.S.R.L.,,
HOTEL,EMPRESA.HOTELERA.EL.SOL.DE.PACASMAYO.S.R.L.,,
HOTEL,HOTEL.LIBERTAD.S.A.C.,,
HOTEL,HOTEL.SICCHA.RUBIO.S.R.L.,,
HOTEL,HOTEL.IMPERIO.HCO.E.I.R.L.,,
HOTEL,SERV.DE.HOTELERIA.Y.AFINES.NOCHE.BUENA,,
HOTEL,CADENA.HOTELERA.DON.JORGE.E.I.R.L.,,
HOTEL,HOTEL.LOS.ANGELES.Y.RESTAURANT.TAMAYO.S.A.C,,
HOTEL,ULLCHA.HOTEL.S.A.C.,,
HOTEL,HOTEL.EL.GRAN.PACHACUTEC.E.I.R.L.,,
HOTEL,QHAMAR.HOTEL.S.A.C.,,
HOTEL,HUANCHACO.INTERNACIONAL.HOTEL.S.R.L.,,
HOTEL,MAMA.TINA.HOTEL.E.I.R.L.,,
HOTEL,HOTEL.BRACAMONTE.E.I.R.L.,,
HOTEL,HOTELES.MISTER.PHIL.E.I.R.L.,,
HOTEL,CLARITA'S.INN.HOTEL.E.I.R.L.,,
HOTEL,HOTEL.MARIEST.E.I.R.L.,,
HOTEL,GRAN.AMERICA.HOTEL.S.A.C.,,
HOTEL,D'SEOS.HOTEL.E.I.R.L.,,
HOTEL,HOTEL.PALMAS.REALES.SOCIEDAD.COMERCIAL.DE.RESPONSABILIDAD.LIMITADA.-.HOPAR.S.R.L.,,
HOTEL,HOTEL.SOL.Y.LUNA.EIRL,,
HOTEL,INVERSIONES.TURISTICAS.Y.HOTELERAS.S.A.C.,,
HOTEL,HOTELES.CASA.DEL.PARQUE.E.I.R.L.,,
HOTEL,GRAN.HOTEL.TAURUS.E.I.R.L.,,
HOTEL,ELITE.HOTEL.S.A.C.,,
HOTEL,HOTEL.CHICAMA.S.A.C.,,
HOTEL,EMPRESA.DE.TURISMO.Y.ADMINISTRACION.HOTELERA.MAGIC.TOURS.S.A.C.,,
HOTEL,EMPRESA.HOTELERA.LIBERTAD.S.A.C,,
HOTEL,HOTEL.PARIS.KEMPER.HERMANOS.SOC.RES.LTDA,,
HOTEL,GRAN.BOLIVAR.HOTEL.S.A.,,
HOTEL,HOTEL.PLAZA.GRAU.S.A.C.,,
HOTEL,HOTEL.PARAISO.S.A.C.,,
HOTEL,GRUPO.MCLAM.HOTEL.REGENTS.SA,,
HOTEL,CONSORCIO.HOTELERO.MAYDY.S.A.C.,,
HOTEL,EMPRESA.HOTELERA.SANTA.LAURA.S.A.C.,,
HOTEL,HOTELES.CAPITAL.S.A.C.,,
HOTEL,NESSUS.HOTELES.PERU.S.A.,,
HOTEL,HOTEL.CHAVIN.SE¥ORIAL.S.R.L.,,
HOTEL,HOTEL.CONVENCION.S.A.C.,,
HOTEL,HOTEL.EL.ENCANTO.E.I.R.L.,,
HOTEL,HOTEL.GRAN.SIPAN.EIRL,,
HOTEL,HOTELERA.Y.TURISMO.S.A.,,
HOTEL,GLORIA.PLAZA.HOTEL.&.CASINO.S.A.C.,,
HOTEL,AURA.HOTEL.SAC,,
HOTEL,ARISTI.HOTEL.Y.TURISMO.SAC,,
HOTEL,HOTEL.MARWID.EIRL,,
HOTEL,HOTEL.DESCANSO.DEL.INCA.SAC.,,
HOTEL,HOTEL.VALPARAISO.S..R..L.,,
HOTEL,HOTEL.EL.SOL.E.I.R.L.,,
HOTEL,EL.OSCAR.HOTEL.E.I.R.L.,,
HOTEL,GRAN.HOTEL.PIMENTEL.E.I.R.L.,,
HOTEL,HOTEL.JR.PARADISE.S.A.C.,,
HOTEL,EMPRESA.HOTELERA.ALEJANDRINA.LOMBARDI.ILLARIY.LAMBAYECANO.E.I.R.L.,,
HOTEL,HOTEL.Y.RESTAURANT.EL.MARACUYA.E.I.R.L.,,
HOTEL,HOTEL.ECOLOGICO.EL.REMANSO.S.A.C.,,
HOTEL,HOTEL.PACIFICO.SRL,,
HOTEL,HOTEL.RESTAURANT.TURISTICO.CASABLANCA.S.A.C.,,
HOTEL,HC.CORPORACION.HOTELERA.S.A.C.,,
HOTEL,HOTEL.EL.DORADO.SA,,
HOTEL,HOTELERA.J.&.R.SRLTDA,,
HOTEL,HOTEL.OFREEDOM'S.S.A.C.,,
HOTEL,HOTEL.484.S.A.C.,,
HOTEL,GREAT.HOTEL.E.I.R.L.,,
HOTEL,SERVICIOS.HOTELEROS.C.&.A.SAC,,
HOTEL,HOTELERA.KIMSA.EIRL,,
HOTEL,COMPANIA.HOTELERA.SAN.RAFAEL.S.R.LTDA,,
HOTEL,HOTEL.CARRERA.SAC,,
HOTEL,CORPORACION.HOTELERA.DE.SERVICIOS.Y.EVENTOS.JESHUA.S.A.C.,,
HOTEL,HOTEL.RESTAURANT.LA.HACIENDA.S.A.,,
HOTEL,CORPORACION.HOTELERA.DEL.PACIFICO.S.A.,,
HOTEL,SOCIEDAD.INMOBILIARIA.Y.DE.HOTELES.GRAN.LARCO.SA.-.SIHLSA,,
HOTEL,HOTEL.RUNCU.SOCIEDAD.ANONIMA.CERRADA,,
HOTEL,HOTELERA.KIMSA.EIRL,,
HOTEL,HOTELERA.DEL.SUR.S.A.C.,,
HOTEL,HOTELES.DE.TURISMO.EL.GRAN.CAIMAN.SOCIEDAD.ANONIMA.CERRADA,,
HOTEL,HOTELES.DE.TURISMO.EL.GRAN.CAIMAN.SOCIEDAD.ANONIMA.CERRADA,,
HOTEL,CORPORACION.PERUANA.DE.HOTELES.RESTAURANTES.Y.SERVICIOS.TURISTICOS.EIRL,,
HOTEL,HOTEL.MANANTIAL.DE.CHURIN.E.I.R.L.,,
HOTEL,HOTEL.PLAYAS.DE.ORO.EIRL,,
HOTEL,HOTEL.GRAN.REY.EMPRESA.INDIVIDUAL.DE.RESPONSABILIDAD.LIMITADA,,
HOTEL,AMAZON.APART.HOTEL.S.A.C.,,
HOTEL,GRAN.HOTEL.JUNGLA.SOCIEDAD.ANONIMA.CERRADA,,
HOTEL,EMPRESA.DE.TURISMO.Y.HOTELERIA.CAOBA.E.I.R.L.,,
HOTEL,ARI'S.HOTEL.E.I.R.LTDA,,
HOTEL,HOTEL.VISTA.ALEGRE.E.I.R.L.,,
HOTEL,ROYAL.INN.&.CASINO.HOTEL.S.A.,,
HOTEL,NATIVA.APART.HOTEL.E.I.R.L,,
HOTEL,INVERSIONES.HOTELERAS.DEL.ORIENTE.E.I.R.L.,,
HOTEL,HOTEL.RIVER.FOX.JUNIOR.EIRL,,
HOTEL,HOTEL.DEL.PERU.E.I.R.L.,,
HOTEL,CORPORACION.HOTELERA.DORAL.INN.E.I.R.L.,,
HOTEL,CORPORACION.TURISTICA.Y.HOTELERA.PIERO.JESUS.S.A.C.,,
HOTEL,EMPRESA.HOTELERA.LA.CASONA.PUERTO.REQUENA.EMPRESA.INDIVIDUAL.DE.RESPONSABILIDAD.LIMITADA,,
HOTEL,ARI'S.HOTEL.E.I.R.LTDA,,
HOTEL,HOTEL.PLANETA.SELVA.S.A.C.,,
HOTEL,HOTEL.PLAZA.S.A.,,
HOTEL,ALLISON.HOTEL.S.A.,,
HOTEL,CAMU.CAMU.HOTEL.E.I.R.L.,,
HOTEL,PARTHENON.HOTEL.Y.EVENTOS.E.I.R.L.,,
HOTEL,CORPORACION.HOTELERA.DE.LORETO.SOCIEDAD.ANONIMA.CERRADA.COHTEL.S.A.C.,,
HOTEL,CORPORACION.HOTELERA.DEL.AMAZONAS.SA,,
HOTEL,SERVICIOS.HOTELEROS.AMAZONICOS.A.Y.M.E.I.R.L.,,
HOTEL,HOTEL.VICTORIA.EMPRESA.INDIVIDUAL.DE.RESPONSABILIDAD.LIMITADA,,
HOTEL,HOTEL.INAMBARI.EMPRESA.INDIVIDUAL.DE.RESPONSABILIDAD.LIMITADA-HOTEL.INAMBARI.E.I,,
HOTEL,HOTEL.OCHOA.INN.EMPRESA.INDIVIDUAL.DE.RESPONSABILIDAD.LIMITADA,,
HOTEL,HOTEL.PUERTO.AMAZONICO.EMPRESA.INDIVIDUAL.DE.RESPONSABILIDAD.LIMITADA.-.HOTEL.PU,,
HOTEL,HOTELES.YANACHAGA.EMPRESA.INDIVIDUAL.DE.RESPONSABILIDAD.LIMITADA.-.HOTELES.YANACHAGA.E.I.R.L.,,
HOTEL,HOTELES.HEIDINGER.S.A.C.,,
HOTEL,HOTEL.TUNASPAMPA.HCA.EMPRESA.INDIVIDUAL.DE.RESPONSABILIDAD.LIMITADA,,
HOTEL,GRUPO.HOTELERO.Y.RESTAURANT.LOS.BALCONES.SOCIEDAD.COMERCIAL.DE.RESPONSABILIDAD.LIMITADA',,
HOTEL,SPONDYLUS.BEACH.INVERSIONES.HOTELERAS.Y.ECOTURISTICAS.EMPRESA.INDIVIDUAL.DE.RESPONSABILIDAD.LIMITADA,,
HOTEL,HOTELERA.PIURA.S.A.,,
HOTEL,TALLAN.HOTEL.S.A.C.,,
HOTEL,HOTEL.IMPERIO.EMPRESA.INDIVIDUAL.DE.RESPONSABILIDAD.LIMITADA,,
HOTEL,HOTELES.PERLA.DEL.CHIRA.S.R.L.,,
HOTEL,HOTELES.BAYOVAR.CONFORT.DIFERENCIADO.S.R.L.,,
HOTEL,LOS..ALGARROBOS...HOTELERIA...S.A.C.,,
HOTEL,PRADOS.HOTEL..E.I.R.L.,,
HOTEL,SANTA.ISABEL.HOTELES.S.R.L.,,
HOTEL,INVERSIONES.HOTELERAS.Y.TURISTICAS.INCA.PERU.EMPRESA.INDIVIDUAL.DE.RESPONSABILIDAD.LIMITADA,,
HOTEL,CORPORACION.TURISTICA.HOTELERA..EMPRESA.INDIVIDUAL..DE.RESPONSABILIDAD.LIMITADA,,
HOTEL,VISTA.DEL.MAR.HOTELES.Y.SERVICIOS.GENERALES...E.I.R.LTDA,,
HOTEL,HOTEL.PLAYA.ESCONDIDA.S.A.C,,
HOTEL,HOTEL.SUE¥O.DE.ANGELES.S.A.C.,,
HOTEL,HOTEL.LAS.BRISAS.DE.SECHURA.SOCIEDAD.ANONIMA.CERRADA,,
HOTEL,CONSORCIO.HOTELERO.WALU.SOCIEDAD.COMERCIAL.DE.RESPONSABILIDAD.LIMITADA,,
HOTEL,HOTEL.EL.PARQUE.E.I.R.L.,,
HOTEL,HOTELERA.LA.PERLA.DE.SULLANA.S.R.L,,
HOTEL,TAVARIN.HOTELERIA.&.TURISMO.E.I.R.L.,,
HOTEL,GUIDO'S.HOTEL.E.I.R.L.,,
HOTEL,VICHAYITO.BEACH.BAR.&.HOTEL.E.I.R.L,,
HOTEL,HOTEL.ESTRELLA.FUGAZ.SOCIEDAD.ANONIMA.CERRADA,,
HOTEL,HOTELES.DE.TURISMO.EL.GRAN.CAIMAN.SOCIEDAD.ANONIMA.CERRADA,,
HOTEL,HOTELERA.PIURA.S.A.,,
HOTEL,NESSUS.HOTELES.PERU.S.A.,,
HOTEL,TAYPIKALA.HOTEL.LAGO.SOCIEDAD.ANONIMA.CERRADA,,
HOTEL,REAL.HOTEL.TITICACA.S.R.LTDA.,,
HOTEL,HOTEL.DON.JULIO.S.R.L.,,
HOTEL,FRANCI'S.PUNO.HOTEL.E.I.R.LTDA.,,
HOTEL,HOTELERIA.Y.SERVICIOS.MULTIPLES.CORDELIUS.E.I.R.L.,,
HOTEL,HOTEL.SAUNA.SPACIO.AZUL.E.I.R.L.,,
HOTEL,HOTEL.COPACABANA..INN.EIRLTDA,,
HOTEL,HOTEL.DON.PEDRO.S.R.C.LTDA.,,
HOTEL,HOTEL.SAN.ROMAN.EMPRESA.INDIVIDUAL.DE.RESPONSABILIDAD.LIMITADA,,
HOTEL,MAYAS.INN.HOTEL.E.I.R.L.,,
HOTEL,METROPOLI.HOTEL.&.CONVENCIONES.S.R.L.,,
HOTEL,GRAN.HOTEL.DORADO.E.I.R.L.,,
HOTEL,INVERSIONES.Y.GESTION.EN.TURISMO.&.HOTELERIA.S.R.L.,,
HOTEL,SERVICIOS.DE.HOTELERIA.Y.TURISMO.LA.MOLINA.E.I.R.L,,
HOTEL,CORPORACION.TURISTICA.HOTELERA.SOYUX.S.R.L.,,
HOTEL,CORPORACION.HOTELERA.JHKF.E.I.R.L.,,
HOTEL,HOTEL.LA.TORRE.E.I.R.L.,,
HOTEL,EMPRESA.TURISTICA.Y.HOTELERA.24.HORAS.EMPRESA.INDIVIDUAL.DE.RESPONSABILIDAD.LIMITADA,,
HOTEL,HOTEL.BILBAO.SOCIEDAD.ANONIMA.CERRADA,,
HOTEL,BILBAO.HOTEL.INN.E.I.R.L.,,
HOTEL,GRUPO.HOTELERO.ALANOCA.SOCIEDAD.ANONIMA.CERRADA.-.GRUPO.HOTELERO.ALANOCA.S.A.C.,,
HOTEL,NUEVO.HOTEL.PLAZA.EL.CARMEN.E.I.R.LDA.,,
HOTEL,HOTEL.FONTES.S.A.C,,
HOTEL,CADENA.DE.HOTELES.CASA.NARANJA.S.R.L,,
HOTEL,HOTEL.JERUSALEN.E.I.R.L.,,
HOTEL,HOTEL.FRONTERA.S.A.C.,,
HOTEL,HOTEL.SMILING.CRAB.E.I.R.L,,
HOTEL,PRADOS.HOTEL..E.I.R.L.,,
HOTEL,HOTEL.KARIBIAN.PUNTA.SAL.PLAYA.S.A.C,,
HOTEL,HOTEL.RESTAURANT.LAS.PALMERAS.DE.PUNTA.SAL.SOCIEDAD.DE.RESPONSABILIDAD.LIMITADA,,
HOTEL,COMPA¥ÖA.HOTELERA.NUMAT.S.R.L.,,
HOTEL,CORPORACION.DE.HOTELES.S.A.C.,,
HOTEL,COMPA¥IA.HOTELERA.MARIA.DEL.MAR.EMPRESA.INDIVIDUAL.DE.RESPONSABILIDAD.LIMITADA,,
HOTEL,HOTELERIA.Y.ADMINISTRACION.S.A.C.,,
HOTEL,CORPORACION.Y.ADMINISTRACION.DE.HOTELES.S.A.C.,,
HOTEL,HOTELERIA.&.TURISMO.SWISS.WASSI.E.I.R.L,,
HOTEL,HOTEL.PLAYA.LUCERO.EIRL,,
HOTEL,HOTEL.VERSILIA.E.I.R.L,,
HOTEL,SOCIEDAD.HOTELERA.IRPE.S.A.C.,,
HOTEL,HOTEL.INTERNACIONAL.FRANCIS.E.I.R.L.,,
HOTEL,HOTEL.INTERNACIONAL.FRANCIS.E.I.R.L.,,
HOTEL,HOTEL.PUERTO.MADERA.E.I.R.L.,,
HOTEL,NESSUS.HOTELES.PERU.SELVA.S.A.,,
HOTEL,LOS.GAVILANES.HOTEL.S.R.L.,,
HOSTAL,HOSTAL.ESMERALDA.EIRL,,
HOSTAL,HOSTAL.JOHUMAJI.EIRL,,
HOSTAL,HOSTAL.&.RESTAURANT.PLAZA.E.I.R.L.,,
HOSTAL,HOSTAL.FLORES.EIRL,,
HOSTAL,HOSTAL.SAN.FERNANDO.&.LUZHUAVAL.E.I.R.L.,,
HOSTAL,HOSTAL.CONDORPUNA.JJ.EMPRESA.INDIVIDUAL.DE.RESPONSABILIDAD.LIMITADA,,
HOSTAL,REBECA.HOSTAL.S.A,,
HOSTAL,HOSTAL.EL.ETERNO.SOL.E.I.R.L.,,
HOSTAL,HOSTAL.VICTORIA.INN.E.I.R.L.,,
HOSTAL,HOSTAL.TURISTICO.EL.PACIFICO.E.I.R.LTDA,,
HOSTAL,HOSTAL.CESAR.S.S.R.L,,
HOSTAL,HOSTAL.TURISTICO.LAS.VEGAS.E.I.R.L.,,
HOSTAL,HOSTAL.Y.RESTAURANTE.EL.BALCON.E.I.R.L.,,
HOSTAL,HOSTAL.TURISTICO.MISKY.HUARAC.S.A.C.,,
HOSTAL,HOSTAL.LOS.ANGELES.S.C.R.L.,,
HOSTAL,HOSTAL.SOL.Y.LUNA.SCRL,,
HOSTAL,HOSTAL.SAGITARIO.E.I.R.L.,,
HOSTAL,HOSTAL.EL.GRIEGO.E.I.R.L.,,
HOSTAL,HOSTAL.D'.RICHARD.E.I.R.L.,,
HOSTAL,HOSTAL.PUERTO.CHALA.E.I.R.L.,,
HOSTAL,EDEN.AQP.HOSTAL..E.I.R.L.,,
HOSTAL,HOSTAL.LA.POSADA.DEL.MOCHILERO.E.I.R.LTDA.,,
HOSTAL,HOSTAL.LOS.INKAS.INN.E.I.R.L.,,
HOSTAL,HOSTAL.LATINO..E.I.R.LTDA.,,
HOSTAL,HOSTAL.MOCHILEROS.E.I.R.L.,,
HOSTAL,HOSTAL.LA.POSADA.DEL.CACIQUE.EIRL,,
HOSTAL,TOUR.HOSTAL.E.I.R.L.,,
HOSTAL,HOSTAL.VALLECITO.INN.E.I.R.LTDA,,
HOSTAL,AGRADA.HOSTAL.S.C.R.LTDA.,,
HOSTAL,HOSTAL.CAYMA.S.A.C.,,
HOSTAL,SERVICIO.HOSTAL.G.&.M.E.I.R.L.,,
HOSTAL,DON.PADIME.HOSTAL.S.R.L.,,
HOSTAL,HOSTAL.PANORAMA,,
HOSTAL,HOSTAL.2.DE.ENERO.E.I.R.L.,,
HOSTAL,PLAZA.HOSTAL.MOLLENDO.S.A.C.,,
HOSTAL,HOSTAL.MIRAMAR.SRL,,
HOSTAL,HOSTAL.TEO.EMPRESA.INDIVIDUAL.DE.RESPONSABILIDAD.LIMITADA,,
HOSTAL,HOSTAL.BARRIO.LATINO.E.I.R.L.,,
HOSTAL,HOSTAL.REY.PALACE.S.R.L,,
HOSTAL,HOSTAL.EL.PILLKAY.SRL,,
HOSTAL,HOSTAL.SAN.LUCAS.EIRL,,
HOSTAL,HOSTAL.SAN.LUIS.CAJAMARCA.E.I.R.L,,
HOSTAL,INCA'S.HOSTAL.E.I.R.L.,,
HOSTAL,HOSTAL.MONUMENTAL.S.R.L.,,
HOSTAL,HOSTAL.AVENTURA.EIRL,,
HOSTAL,ALVAS'S.HOSTAL.E.I.R.L.,,
HOSTAL,HOSTAL.DOS.DE.MAYO.RESP.LTDA.,,
HOSTAL,HOSTAL.NORA.VICTORIA.SRL,,
HOSTAL,HOSTAL.PORTADA.DEL.SOL.EIRLTDA.,,
HOSTAL,HOSTAL.CAMPERO.SAN.ANTONIO.E.I.R.LTDA,,
HOSTAL,HOSTAL.CONFORT.E.&.S.SOCIEDAD.COMERCIAL.DE.RESPONSABILIDAD.LIMITADA,,
HOSTAL,HOSTAL.BA¥OS.DEL.INCA.EIRL,,
HOSTAL,HOSTAL.LA.ESTANCIA.DEL.INCA.E.I.R.L.,,
HOSTAL,HOSTAL.CBR.S.R.L.,,
"HOSTAL,HOSTAL.Y.RESTAURANT.""BRISAS.DE.VERANO"".S.R.L.",,,
HOSTAL,HOSTAL.NUEVO.BARCELONA.S.R.L.,,
HOSTAL,GRAN.HOSTAL.DIEGO.E.I.R.L,,
HOSTAL,HOSTAL.JJ.E.I.R.L,,
HOSTAL,HOSTALES.&.RESTURANTS.EL.ESCUDERO.E.I.R.L.,,
HOSTAL,HOSTAL.JHOSEP.S.R.L.,,
HOSTAL,HOSTAL.FAVIO.EIRL,,
HOSTAL,HOSTAL.JJ.E.I.R.L,,
HOSTAL,D'CIEZA.HOSTAL.S.R.L.,,
HOSTAL,HOSTAL.LOS.PORTALES.DEL.SOL.E.I.R.L.,,
HOSTAL,HOSTAL.COLONIAL.SCRL.,,
HOSTAL,HOSTAL.EL.AMANECER.LORETANO.E.I.R.L,,
HOSTAL,HOSTAL.RESTAURANT.EL.OLIVAR.S.A.C.,,
HOSTAL,HOSTAL.FRANSIS'S.S.A.C.,,
HOSTAL,HOSTAL.CHAQïUILL.CHAKA.SOCIEDAD.ANONIMA.CERRADA.-.HOSTAL.CHAQïUILL.CHAKA.S.A.C.,,
HOSTAL,HOSTAL.INCAMA.HOSTEL.FOR.RESPONSIBLE.BACK.PACKERS.SOCIEDAD.COMERCIAL.DE.RESPONSA,,
HOSTAL,HOSTAL.GOYA.ANDINA.SOCIEDAD.COMERCIAL.DE.RESPONSABILIDAD.LIMITADA.-.HOSTAL.GOYA,,
HOSTAL,HOSTAL.LA.POSADA.DE.LOS.ANGELES.EMPRESA.INDIVIDUAL.DE.RESPONSABILIDAD.LIMITADA.-.HOSTAL.LA.POSADA.DE,,
HOSTAL,EL.LABRADOR.HOSTAL.EMPRESA.INDIVIDUAL.DE.RESPONSABILIDAD.LIMITADA-EL.LABRADOR.HOSTAL.E.I.R.L.,,
HOSTAL,HOSTAL.BUENAVISTA.CUSCO.S.A.C.,,
HOSTAL,HOSTAL.EL.PUMA.EMPRESA.INDIVIDUAL.DE.RESPONSABILIDAD.LIMITADA.-.HOSTAL.EL.PUMA.E,,
HOSTAL,HOSTAL.RADEL.E.I.R.L.,,
HOSTAL,HOSTAL.CUSCO.INN.SOCIEDAD.COMERCIAL.DE.RESPONSABILIDAD.LIMITADA,,
HOSTAL,CALIFORNIA.GARDEN.INN.HOSTAL.EMPRESA.INDIVIDUAL.DE.RESPONSABILIDAD.LIMITADA-CALIFORNIA.GARDEN.INN.HO,,
HOSTAL,GRAN.HOSTAL.LIMA.EMPRESA.INDIVIDUAL.DE.RESPONSABILIDAD.LIMITADA.-.GRAN.HOSTAL.LI,,
HOSTAL,SERVICIOS.TURISTICOS.Y.HOSTAL.SAN.MIGUEL.ARCANGEL.E.I.R.LTDA,,
HOSTAL,FIORI'S.HOSTAL.SOCIEDAD.COMERCIAL.DE.RESPONSABILIDAD.LIMITADA.-.FIORI'S.HOSTAL.S.R.L.,,
HOSTAL,HOSTAL.LIRA.S.R.LTDA.,,
HOSTAL,HOSTAL.EL.REFUGIO.DE.MANCO.INKA.EMPRESA.INDIVIDUAL.DE.RESPONSABILIDAD.LIMITADA-HOSTAL.EL.REFUGIO.DE,,
HOSTAL,HOSTAL.JAMAY.WASY.EIRL,,
HOSTAL,HOSTAL.CALIFORNIA.S.R.L.,,
HOSTAL,HOSTAL.BEIJING.S.R.L.,,
HOSTAL,HOSTAL.LOS.PALTOS.S.R.LTDA.,,
HOSTAL,HOSTAL.RESIDENCIAL.TITO.S.R.L.,,
HOSTAL,HOSTAL.YARISA.E.I.R.L,,
HOSTAL,HOSTAL.VALLE.VERDE.TINGO.MARIA.E.I.R.L,,
HOSTAL,HOSTAL.PALACIOS.SOCIEDAD.ANONIMA.CERRADA,,
HOSTAL,HOSTAL.MARRIO'S.E.I.R.LTDA,,
HOSTAL,HOSTAL.MARRIO'S.E.I.R.LTDA,,
HOSTAL,HOSTAL.LEON.DEL.GRUPO.LEON.JAHELI.E.I.R.L.,,
HOSTAL,HOSTAL.MENDOZA.S.A.C.,,
HOSTAL,HOSTAL.MARVIN.S.A.C.,,
HOSTAL,HOSTAL.GOLDEN.SUITTES.E.I.R.L.,,
HOSTAL,HOSTAL.MIRA.MAR.S.A.C.,,
HOSTAL,HOSTAL.EL.ENCANTO.E.I.R.L.,,
HOSTAL,HOSTAL.IMPERIAL.E.I.R.L.,,
HOSTAL,HOSTAL.XAMA.S.A.C.,,
HOSTAL,HOSTAL.RESIDENCIAL.SANTA.MARIA.E.I.R.L.,,
HOSTAL,HOSTAL.TURISTICO.REFUGIO.DEL.PIRATA.S.A.C.,,
HOSTAL,CONSORCIO.TURISTICO.HOSTAL.EL.BUMERANG.E.I.R.L.,,
HOSTAL,HOSTAL.EL.CARMELO.E.I.R.L.,,
HOSTAL,HOSTAL.EL.GRAN.BOSE.S.A.C.,,
HOSTAL,CONSORCIO.TURISTICO.HOSTAL.SAN.ISIDRO.E.I.R.L,,
HOSTAL,HOSTAL.LA.RESERVA.DE.PISCO.EIRL,,
HOSTAL,HOSTAL.LOS.FLAMENCOS.SAC,,
HOSTAL,SERVICIOS.TURISTICOS.HOSTAL.MARILYN.E.I.R.L,,
HOSTAL,HOSTAL.LA.SUITE.EJECUTIVO.E.I.R.L.,,
HOSTAL,HOSTAL.CRISTINA.E.RLTDA.,,
HOSTAL,HOSTAL.LOS.JARDINES.E.I.R.L.,,
HOSTAL,HOSTAL.NASHA.S.A.,,
HOSTAL,HOSTAL.COMPLEJO.RECREAC..BAMBU.INN.SAC,,
HOSTAL,HOSTAL.NANDO.E.I.R.L.,,
HOSTAL,HOSTAL.TURISMO.AMERICA.DE.JESUS.S.A.C.,,
HOSTAL,HOSTAL.CONTINENTAL.E.I.R.LTDA.,,
HOSTAL,HOSTAL.POLLERIA.MARCO.ANTONIO.E.I.R.L.,,
HOSTAL,HOSTAL.SNACK.BAR.RESTAURANTE.LOS.TOBOGANES.S.A.C,,
HOSTAL,HOSTAL.TOLEDO.RODRIGUEZ.E.I.R.L.,,
HOSTAL,HOSTAL.TURISTICO.SANTA.FE.S.R.L.,,
HOSTAL,HOSTAL.BONNE.NUIT.S.A.C.,,
HOSTAL,HOSTAL.CHAN.CHAN.SAC,,
HOSTAL,HOSTAL.EL.ANCLA.E.I.R.L.,,
HOSTAL,HUANCHACO.HOSTAL.S.R.L.,,
HOSTAL,HOSTAL.LOS.PINOS.SRLTDA,,
HOSTAL,LAS.AMERICAS.HOSTAL.S.A.C.,,
HOSTAL,HOSTAL..HUELLA'S..E.I.R.L.,,
HOSTAL,HOSTAL.CARLOS.OCHOA.E.I.R.L.,,
HOSTAL,GOLDEN.GREEN.HOSTAL.S.R.L.,,
HOSTAL,HOSTALES.LAISS.S.A.C.,,
HOSTAL,HOSTAL.EL.TURINES.E.I.R.L.,,
HOSTAL,HOSTALES.LAISS.S.A.C.,,
HOSTAL,LAS.BEGONIAS.HOSTAL.EIRL,,
HOSTAL,TAYMI.HOSTAL.S.A.C.,,
HOSTAL,BARCELONA.HOSTAL.S.A.C.,,
HOSTAL,HOSTAL.MAGGY.S.R.L.,,
HOSTAL,MUCHIK.HOSTAL.S.A.C.,,
HOSTAL,HOSTAL.LAS.MERCEDES.S.A.C.,,
HOSTAL,SERV.TURIST.HOSTAL.EL.PALACIO.S.R.LTDA.,,
HOSTAL,HOSTAL.SAN.FERNANDO.E.I.R.L.,,
HOSTAL,HOSTAL.ESTRELLA.E.I.R.L.,,
HOSTAL,HOSTAL.POLO.S.R.L.,,
HOSTAL,ROMANCE'S.HOSTAL.S.A.C.,,
HOSTAL,HOSTAL.BOLOGNESI.SAC,,
HOSTAL,HOSTAL.RESIDENCIAL.EL.VIRREY.S.R.LTDA.,,
HOSTAL,HOSTAL.DEL.NORTE.SRL,,
HOSTAL,HOSTAL.EL.PUEBLO.SAC,,
HOSTAL,MAR.DE.PLATA.HOSTAL.SRL,,
HOSTAL,HOSTAL.BRIYOS.E.I.R.L.,,
HOSTAL,HOSTAL.DIAZ.EIRL,,
HOSTAL,HOSTAL.ADRIANO.SOCIEDAD.COMERCIAL.DE.RESPONSABILIDAD.LIMITADA,,
HOSTAL,ATLANTIC.HOSTAL.EMPRESA.INDIVIDUAL.DE.RESPONSABILIDAD.LIMITADA,,
HOSTAL,HOSTAL.LOS.ANDES.SRLTDA,,
HOSTAL,HOSTAL.MARIA.DOLORES.E.I.R.L,,
HOSTAL,HOSTAL.LAS.GARZAS.EIRL,,
HOSTAL,SARASH'S.HOSTAL.E.I.R.L.,,
HOSTAL,HOSTAL.LAS.¥USTAS.S.A.C.,,
HOSTAL,HOSTAL.EL.SILENCIO.E.I.R.L.,,
HOSTAL,HOSTAL.REY.E.I.R.L,,
HOSTAL,HOSTAL.DIONY'S.SOCIEDAD.ANONIMA.CERRADA,,
HOSTAL,HOSTAL.LA.POSITIVA.S.A,,
HOSTAL,HOSTAL.TAURO.SR.LTDA,,
HOSTAL,HOSTAL.RUCUS.S.R.L.,,
HOSTAL,HOSTAL.KATE'S.S.A.C.,,
HOSTAL,HOSTAL.APURIMAC.S.A.C,,
HOSTAL,HOSTAL.APURIMAC.S.A.C,,
HOSTAL,HOSTAL.KILLARI.EIRL,,
HOSTAL,HOSTAL.DULCES.SECRETOS.SAC,,
HOSTAL,HOSTAL.BLUE.MOON.SAC,,
HOSTAL,CONSORCIO.HOSTAL.LEO'S.II,,
HOSTAL,HOSTAL.BAR.LOS.REYES.SOCIEDAD.COMERCIAL.DE.RESPONSABILIDAD.LIMITADA,,
HOSTAL,HOSTAL.ARIZONA.S.R.L,,
HOSTAL,HOSTAL.EL.CLICK.SOCIEDAD.ANONIMA.CERRADA,,
HOSTAL,HOSTAL.CANU.E.I.R.L.,,
HOSTAL,HOSTAL.LAS.BRISAS.DEL.ORIENTE.E.I.R.L.,,
HOSTAL,IQUITOS.REGENCI.HOSTAL.S.R.L.,,
HOSTAL,HOSTAL.LUNA.DE.IQUITOS.E.I.R.L.,,
HOSTAL,HOSTAL.ENCANTO.DE.LA.SELVA..E.I.R.L.,,
HOSTAL,FORTES.HOSTAL.S.C.R.LTDA,,
HOSTAL,HOSTAL.RESIDENCIAL.LA.RESERVA.E.I.R.LTDA,,
HOSTAL,HOSTAL.RESIDENCIAL.LA.RESERVA.E.I.R.LTDA,,
HOSTAL,HOSTAL.JHOFRAN.EMPRESA.INDIVIDUAL.DE.RESPONSABILIDAD.LIMITADA-HOSTAL.JHOFRAN.E.I.RL.,,
HOSTAL,HOSTAL.JHOFRAN.EMPRESA.INDIVIDUAL.DE.RESPONSABILIDAD.LIMITADA-HOSTAL.JHOFRAN.E.I.RL.,,
HOSTAL,HOSTAL.ROSFI.E.I.R.LTDA,,
HOSTAL,HOSTAL.MADERO.INN.E.I.R.LTDA.,,
HOSTAL,HOSTAL.PRINCIPE.I.EMPRESA.INDIVIDAUL.DE.RESPONSABILIDAD.LIMITADA,,
HOSTAL,HOSTAL.EL.SOLAR.EIRL,,
HOSTAL,HOSTAL.REYMAR.E.I.R.L.,,
HOSTAL,HOSTAL.LEO.DO-DO.S.A.C,,
HOSTAL,HOSTAL.PIURA.E.I.R.L,,
HOSTAL,HOSTAL.LOS.JARDINES.S.R.LTDA,,
HOSTAL,HOSTAL.LATINO.SRL.,,
HOSTAL,HOSTAL.EL.ALMIRANTE.E.I.R.L.,,
HOSTAL,HOSTAL.RESTAURANTE.DANIELLO'S.SOCIEDAD.COMERCIAL.DE.RESPONSABILIDAD.LIMITADA-H.R..DANIELLO'S.SRL,,
HOSTAL,HOSTAL.SISI.SOCIEDAD.ANONIMA.CERRADA.-.HOSTAL.SISI.S.A.C.,,
HOSTAL,HOSTAL.ORO.VERDE.S.R.L.,,
HOSTAL,HOSTAL.MI.ESTRELLITA.E.I.R.L,,
HOSTAL,HOSTAL.LIMA.S.R.L.,,
HOSTAL,HOSTAL.J.Y.C.E.I.R.L.,,
HOSTAL,HOSTAL.RAMSES.EMPRESA.INDIVIDUAL.DE.RESPONSABILIDAD.LIMITADA,,
HOSTAL,HOSTAL.MARABUELI.EMPRESA.INDIVIDUAL.DE.RESPONSABILIDAD.LIMITADA.-.HOSTAL.MARABUELI.E.I.R.L.,,
HOSTAL,HOSTAL.RAMSES.EMPRESA.INDIVIDUAL.DE.RESPONSABILIDAD.LIMITADA,,
HOSTAL,HOSTAL.LUCHOS.E.I.R.L,,
HOSTAL,HOSTAL.ROCA`S.E.I.R.LTDA,,
HOSTAL,HOSTAL.GIOVANNI.SOC.COM.RESPONS..LTDA,,
HOSTAL,HOSTAL.EL.SOL.EIRL,,
HOSTAL,HOSTAL.TITIKAKA.E.I.R.L.,,
HOSTAL,HOSTAL.UTASA.INN.E.I.R.L.,,
HOSTAL,HOSTAL.EMPERADOR.EMPRESA.INDIVIDUAL.DE.RESPONSABILIDAD.LIMITADA,,
HOSTAL,HOSTAL.SAN.PEDRO.E.I.R.L.,,
HOSTAL,HOSTAL.RESIDENCIAL.EMBAJADORES.SOCIEDAD.COMERCIAL.DE.RESPONSABILIDAD.LIMITADA,,
HOSTAL,CADENA.DE.HOSTALES..NANDOïS.EMPRESA.INDIVIDUAL.DE.RESPONSABILIDAD.LIMITADA,,
HOSTAL,CADENA.DE.HOSTALES..NANDOïS.EMPRESA.INDIVIDUAL.DE.RESPONSABILIDAD.LIMITADA,,
HOSTAL,GRAN.HOSTAL.YASUR.E.I.R.L.,,
HOSTAL,HOSTAL.AURORA.INN.S.R.L.,,
HOSTAL,SERVICIOS.TURISTICOS.LERA.HOSTAL.BREST.AMAZON.S.A.C.,,
HOSTAL,HOSTAL.EL.PORTAL.SOCIEDAD.ANONIMA.CERRADA.-.HOSTAL.EL.PORTAL..S.A.C.,,
HOSTAL,GRAN.HOSTAL.JUANITA.E.I.R.L.,,
HOSTAL,HOSTAL.PROGRESO.JL.E.I.R.L.,,
HOSTAL,HOSTAL.EL.DELFIN.EIRL,,
HOSTAL,HOSTAL.LA.FRAGATA.E.I.R.L.,,
HOSTAL,SEPAHUA'S.INN.HOSTAL.E.I.R.L.,,
HOSTAL,PARADISSE.COOL.HOSTAL.E.I.R.L.,,
HOSTAL,HOSTAL.DUBAI.EIRL,,
HOSTAL,HOSTAL.BUHO.E.I.R.L.,,
HOSTAL,HOSTAL.SUCRE.S.R.L.,,
HOSPETAJE,HOSPEDAJE.AMAZONENSE.SAC.,,
HOSPETAJE,HOSPEDAJE.BARCELONA.S.R.L.,,
HOSPETAJE,MONKEYWASI.HOSPEDAJE.E.I.R.L.,,
HOSPETAJE,RESTAURANT.HOSPEDAJE.GIANCARLO.E.I.R.L.,,
HOSPETAJE,RESTAURANT.HOSPEDAJE.GIANCARLO.E.I.R.L.,,
HOSPETAJE,RESTAURANT.HOSPEDAJE.GIANCARLO.E.I.R.L.,,
HOSPETAJE,CAMINITO.HOSPEDAJE.E.I.R.L.,,
HOSPETAJE,HOSPEDAJE.LA.CIMA.S.R.L.,,
HOSPETAJE,LA.SUNAMITA.-.HOSPEDAJE.CRISTIANO.E.I.R.L.,,
HOSPETAJE,HOSPEDAJES.PLAZA.-.SPA.E.I.R.L.,,
HOSPETAJE,HOSPEDAJE.RESIDENCIAL.SOL.Y.MAR.EMPRESA.INDIVIDUAL.DE.RESPONSABILIDAD.LIMITADA,,
HOSPETAJE,YORDI?S.HOSPEDAJE.EMPRESA.INDIVIDUAL.DE.RESPONSABILIDAD.LIMITADA,,
HOSPETAJE,HOSPEDAJE.CAMILA.E.I.R.L.,,
HOSPETAJE,HOSPEDAJE.EL.AEROPUERTO.EIRL,,
HOSPETAJE,HOSPEDAJE.SE¥OR.DE.MURUHUAY.E.I.R.L.,,
HOSPETAJE,HOSPEDAJE.EL.VIAJERO.EMPRESA.INDIVIDUAL.DE.RESPONSABILIDAD.LIMITADA,,
HOSPETAJE,HOSPEDAJE.EL.VIAJERO.EMPRESA.INDIVIDUAL.DE.RESPONSABILIDAD.LIMITADA,,
HOSPETAJE,HOTELERIA.Y.HOSPEDAJE.SAGITARIO.E.I.R.L,,
HOSPETAJE,HOSPEDAJE.EL.INTI.CAJAMARQUINO.EIRL,,
HOSPETAJE,HOSPEDAJE.KALLPA.INKA.SOCIEDAD.ANONIMA.CERRADA.-.HOSPEDAJE.KALLPA.INKA.S.A.C.,,
HOSPETAJE,LA.CASA.DE.SELENQUE.ESTABLECIMIENTO.DE.HOSPEDAJE.E.I.R.LTDA.,,
HOSPETAJE,HOSPEDAJE.MONTE.HOREB.SOCIEDAD.ANONIMA.CERRADA,,
HOSPETAJE,HOSPEDAJE.SALCEDO.E.I.R.LTDA.,,
HOSPETAJE,HOSPEDAJE.CASA.DE.MAMA.CUSCO.E.I.R.L.,,
HOSPETAJE,HOSPEDAJE.CASA.BLANCA.M.&.M.S.A.C.,,
HOSPETAJE,HOSPEDAJE.OLIMPO.EMPRESA.INDIVIDUAL.DE.RESPONSABILIDAD.LIMITADA,,
HOSPETAJE,HOSPEDAJE.MµGICO.EIRLTDA,,
HOSPETAJE,HOSPEDAJE.PARAISO.HUANUQUE¥O.EIRL,,
HOSPETAJE,RECREO.Y.HOSPEDAJE.CAMPESTRE.RANCHO.GRANDE.EMPRESA.INDIVIDUAL.DE.RESPONSABILIDAD.LIMITADA,,
HOSPETAJE,HOSPEDAJE.SAN.BORJA.S.A.C.,,
HOSPETAJE,HOSPEDAJE.TURISMO.EL.ENCANTO.SOL.DE.ICA.E.I.R.L.,,
HOSPETAJE,HOSPEDAJE.DRAGON.DORADO.S.C.R.L.,,
HOSPETAJE,HOSPEDAJE.EL.MEDANO.DE.ICA.EIRL,,
HOSPETAJE,HOSPEDAJE.EL.JAULA.E.I.R.L.,,
HOSPETAJE,HOSPEDAJE.DUNAS.DE.NASCA.S.R.L.,,
HOSPETAJE,HOSPEDAJ'S.CIELITO.S.A.C.,,
HOSPETAJE,EMPRESA.DE.SERVICIOS.TURISTICOS.DE.HOSPEDAJE.LA.POSADA.DEL.LIBERTADOR.E.I.R.L.,,
HOSPETAJE,EMPRESA.DE.SERVICIOS.TURISTICOS.DE.HOSPEDAJE.LA.POSADA.DEL.LIBERTADOR.E.I.R.L.,,
HOSPETAJE,HOSPEDAJE.RESTAURANT.Y.SERVICIOS.GENERALES.CARMENCITA.EIRL,,
HOSPETAJE,HOSPEDAJE.Y.SERVICIOS.SAN.PEDRO.E.I.R.L.,,
HOSPETAJE,HOSPEDAJE.SAN.ANDRES.S.R.LTDA.,,
HOSPETAJE,HOSPEDAJE.SAN.ANDRES.S.R.LTDA.,,
HOSPETAJE,HOSPEDAJE.SAN.CLEMENTE.E.I.R.L.,,
HOSPETAJE,HOSPEDAJE.VALENTINO.EMPRESA.INDIVIDUAL.DE.RESPONSABILIDAD.LIMITADA.-.HOSPEDAJE.VALENTINO.E.I.R.L.,,
HOSPETAJE,HOSPEDAJE.VIRGINIA.Y.SERVICIOS.TURISTICO.E.I.R.L,,
HOSPETAJE,HOSPEDAJE.POSADA.AZUL.EIRL,,
HOSPETAJE,HOSPEDAJES.E.INVERSIONES.S.&.F.E.I.R.LTDA.,,
HOSPETAJE,HOSPEDAJE.RESTAURANT.Y.SERVICIOS.M?LTIPLES.CRHISTHIAN.E.I.R.L.,,
HOSPETAJE,HOSPEDAJE.YOLïS.E.I.R.L.,,
HOSPETAJE,HOSPEDAJE.VILLARREAL.EMPRESA.INDIVIDUAL.DE.RESPONSABILIDAD.LIMITADA,,
HOSPETAJE,HOSPEDAJE.TURISMO.EL.MARQUEZ.EMPRESA.INDIVIDUAL.DE.RESPONSABILIDAD.LIMITADA,,
HOSPETAJE,MULTISERVICIOS.Y.HOSPEDAJE.ROYERïS.SOCIEDAD.COMERCIAL.DE.RESPONSABILIDAD.LIMITADA,,
HOSPETAJE,HOSPEDAJE.VALLE.DE.LAS.FLORES.EMPRESA.INDIVIDUAL.DE.RESPONSABILIDAD.LIMITADA.-.HOSVAFLO.E.I.R.L.,,
HOSPETAJE,HOSPEDAJES.Y.RECREOS.SAC,,
HOSPETAJE,HOSPEDAJE.DEL.BODYBOARD.E.I.R.L.,,
HOSPETAJE,HOSPEDAJE.SAFARI.TOURS.E.I.R.L.,,
HOSPETAJE,HOSPEDAJE.TURISTICO.LAS.PALMERAS.I.E.I.R.L.,,
HOSPETAJE,HOSPEDAJE.VIA.SIPAN.E.I.R.L.,,
HOSPETAJE,HOSPEDAJE.EL.ENCANTO.E.I.R.L.,,
HOSPETAJE,HOSPEDAJE.MIAMI.EIRL,,
HOSPETAJE,HOSPEDAJE.TURISMO.SALLIQUE.E.I.R.L.,,
HOSPETAJE,HOSPEDAJE.REAL.SRL,,
HOSPETAJE,HOSPEDAJE.RESTAURANTE.EL.DIAMANTE.S.A.C,,
HOSPETAJE,HOSPEDAJE.EL.DOC.S.A.C.,,
HOSPETAJE,HOSPEDAJE.BENAVIDES.S.A.C.,,
HOSPETAJE,HOSPEDAJE.TIPISHCA.SRL,,
HOSPETAJE,HOSPEDAJE.ROSALI'S.E.I.R.L.,,
HOSPETAJE,HOSPEDAJE.Y.ALOJAMIENTO.DOS.DELFINES.E.I.R.L.,,
HOSPETAJE,HOSPEDAJE.NUEVO.HORIZONTE.EIRL,,
HOSPETAJE,HOSPEDAJE.IBET.E.I.R.L.,,
HOSPETAJE,LIMPIEZA..ELECTRICIDAD..CARPINTERIA..HOSPEDAJE.Y.SERVICIOS.GENERALES,,
HOSPETAJE,HOSPEDAJE.SAN.JOSE.AMAZON.E.I.R.L.,,
HOSPETAJE,PAUCAR'S.HOSPEDAJE.E.I.R.L.,,
HOSPETAJE,HOSPEDAJE.BELLITA.S.R.L.,,
HOSPETAJE,HOSPEDAJE.XOCHITL.E.I.R.L.,,
HOSPETAJE,HOSPEDAJE.TURISTICO.ENCANTO.AMAZONICO,,
HOSPETAJE,HOSPEDAJE.LA.SOMBRA.E.I.R.L.,,
HOSPETAJE,HOSPEDAJE.ROZZA.LADY.E.I.R.L.,,
HOSPETAJE,HOSPEDAJE.LA.PANTERA.EMPRESA.INDIVIDUAL.DE.RESPONSABILIDAD.LIMITADA,,
HOSPETAJE,HOSPEDAJE.AK.ME.QUEDO.E.I.R.L.,,
HOSPETAJE,HOSPEDAJE.AAROM.EIRL,,
HOSPETAJE,HOSPEDAJE.EL.PAPI,,
HOSPETAJE,HOSPEDAJE.TURISTICO.ESTRELLA.DE.SAN.JUAN.E.I.R.L.,,
HOSPETAJE,HOSPEDAJE.LA.ROCA.E.I.R.L,,
HOSPETAJE,HOSPEDAJE.RESTAURANT.Y.SERVICIOS.TURISTICOS.PALUS.G.&.M.E.I.R.L.,,
HOSPETAJE,HOSPEDAJE.FORTUNA.SCRLTDA,,
HOSPETAJE,HOSPEDAJE.LOS.SECRETOS.E.I.R.L.,,
HOSPETAJE,HOSPEDAJE.EL.MIRADOR.DOS.E.I.R.LTDA.,,
HOSPETAJE,HOSPEDAJE.FORTUNA.SCRLTDA,,
HOSPETAJE,HOSPEDAJE.EL.AGUAJAL.E.I.R.L.,,
HOSPETAJE,HOSPEDAJE.EL.MIRADOR.E.I.R.L.,,
HOSPETAJE,HOSPEDAJE.SAN.BARTOLOME.E.I.R.L.,,
HOSPETAJE,HOSPEDAJE.HISKKITTA.EMPRESA.INDIVIDUAL.DE.RESPONSABILIDAD.LIMITADA,,
HOSPETAJE,HOSPEDAJE.AGORA.EMPRESA.INDIVIDUAL.DE.RESPONSABILIDAD.LIMITADA,,
HOSPETAJE,HOSPEDAJE.ESTRELLA,.SOL.Y.LUNA.E.I.R.L.,
HOSPETAJE,COSTA.VERDE.HOSPEDAJE.&.SERVICIOS.S.A.C.,,
HOSPETAJE,HOSPEDAJE.LA.UNION.COSTA.AZUL.S.R.L.,,
HOSPETAJE,HOSPEDAJE.LATINO.UNION.SOCIEDAD.COMERCIAL.DE.RESPONSABILIDAD.LIMITADA,,
HOSPETAJE,HOSPEDAJE..LORETO.EMPRESA.INDIVIDUAL.DE.RESPONSABILIDAD.LIMITADA,,
HOSPETAJE,HOSPEDAJE.CINDY.SOCIEDAD.COMERCIAL.DE.RESPONSABILIDAD.LIMITADA,,
HOSPETAJE,HOSPEDAJE.BRIGGITTE.E.I.R.L.,,
HOSPETAJE,HOSPEDAJE.SELECTO.E.I.R.L.,,
HOSPETAJE,HOSPEDAJES.DEL.NORTE.J.&.J.S.R.L..-.HDN.J.&.J.S.R.L.,,
HOSPETAJE,HOSPEDAJE.SECHURA.S.R.L,,
HOSPETAJE,HOSPEDAJE.ROSA.NAUTICA.DE.SECHURA.S.R.L.,,
HOSPETAJE,HOSPEDAJE.TURISMO.EIRL,,
HOSPETAJE,HOSPEDAJE.ENSUE¥O.S.A.C,,
HOSPETAJE,HOSPEDAJE.DEL.NORTE.S.A.C.,,
HOSPETAJE,INVERSIONES.&.HOSPEDAJE.CESAïR.EMPRESA.INDIVIDUAL.DE.RESPONSABILIDAD.LIMITADA,,
HOSPETAJE,HOSPEDAJE.CAMILO.EMPRESA.INDIVIDUAL.DE.RESPONSABILIDAD.LIMITADA,,
HOSPETAJE,HOSPEDAJE.VIDEOPUB.24.HORAS.E.I.R.L.,,
HOSPETAJE,HOSPEDAJE.VIDEOPUB.24.HORAS.E.I.R.L.,,
HOSPETAJE,SERVICIOS.DE.HOSPEDAJE.RESTAURANT.Y.TURISMO.OLASAL.S.A.C.,,
HOSPETAJE,HOSPEDAJE.MODELO.EIRL,,
HOSPETAJE,HOSPEDAJE.SUE¥O.DORADO.E.I.R.L.,,
HOSPETAJE,HOSPEDAJE.EL.MANGUAL.E.I.R.L.,,
HOSPETAJE,HOSPEDAJE.MOYOBAMBA.E.I.R.L.,,
HOSPETAJE,HOSPEDAJE.ALTO.MAYO.E.I.R.L.,,
HOSPETAJE,CENTRICO.HOSPEDAJE.E.I.R.L.,,
HOSPETAJE,HOSPEDAJE.FLORIAN.E.I.R.LTDA,,
HOSPETAJE,HOSPEDAJE.RESIDENCIAL.CHICHO.S.A.C,,
HOSPETAJE,HOSPEDAJE.FILIPINAS.E.I.R.L,,
HOSPETAJE,HOSPEDAJE.GRAN.IMPERIAL.E.I.R.L,,
HOSPETAJE,HOSPEDAJE.L.M..S.A.C.,,
HOSPETAJE,HOSPEDAJE.ALEX.S.A.C.,,
HOSPETAJE,HOSPEDAJE.MAJU.DEL.ORIENTE.E.I.R.L.,,
HOSPETAJE,HOSPEDAJE.XTO.CHEERFUL.S.R.L.,,
HOSPETAJE,LA.ROSA.HOSPEDAJE.EIRL,,
HOSPETAJE,HOSPEDAJE.SOFIA.E.I.R.L.,,
HOSPETAJE,HOSPEDAJE.TRINIDAD.E.I.R.L.,,
HOSPETAJE,HOSPEDAJE.LA.CASONA..E.I.R.L.,,
HOSPETAJE,HOSPEDAJE.CARMELITA.E.I.R.L.,,
HOSPETAJE,HOSPEDAJE.ROSA.MIA.E.I.R.L.,,
HOSPETAJE,HOSPEDAJE.ORTIZ.HNOS..S.R.L.,,
HOSPETAJE,HOSPEDAJE.JUAN.DIEGO.E.I.R.L.,,
HOSPETAJE,HOSPEDAJE.POLANCO.E.I.R.L,,
HOSPETAJE,HOSPEDAJE.POLANCO.E.I.R.L,,
HOSPETAJE,HOSPEDAJE.MENTA.Y.CANELA.S.A.C.,,
HOSPETAJE,HOSPEDAJE.EL.MORRO..E.I.R.L.,,
HOSPETAJE,HOSPEDAJE.SOL.DE.ALAMEDAS.E.I.R.L.,,
HOSPETAJE,HOSPEDAJE.GONZALES.E.I.R.L.,,
HOSPETAJE,HOSPEDAJE.TURISTICO.HARRY.EIRL,,
HOSPETAJE,HOSPEDAJE.TURISTICO.HARRY.EIRL,,